,Track Name,Artists,Album Name,Album ID,Track ID,Popularity,Release Date,Duration (ms),Explicit,External URLs,Danceability,Energy,Key,Loudness,Mode,Speechiness,Acousticness,Instrumentalness,Liveness,Valence,Tempo
0,Heat Waves,Glass Animals,Dreamland,5bfpRtBW7RNRdsm3tRyl3R,3USxtqRwSYz57Ewm6wWRMp,86,2020-08-07,238805,False,https://open.spotify.com/track/3USxtqRwSYz57Ewm6wWRMp,0.761,0.525,11,-6.9,1,0.0944,0.44,6.7e-06,0.0921,0.531,80.87
1,Hope,XXXTENTACION,?,2Ti79nwTsont5ZHfdxIzAm,2ZRo7axmMPeSVUvDbGkJah,83,2018-03-16,110886,True,https://open.spotify.com/track/2ZRo7axmMPeSVUvDbGkJah,0.592,0.457,9,-6.081,0,0.0603,0.661,0.000331,0.146,0.225,146.04
2,Infinity,Jaymes Young,Feel Something,6MuWCR3WPjwyKhqsTKLZ3z,1SOClUWhOi8vHZYMz3GluK,79,2017-06-23,237720,False,https://open.spotify.com/track/1SOClUWhOi8vHZYMz3GluK,0.671,0.673,11,-6.941,0,0.0444,0.148,5.29e-05,0.304,0.494,121.963
3,On My Way,"Alan Walker, Sabrina Carpenter, Farruko",On My Way,1bcvtuHyO79DNAOOhHEkEm,4n7jnSxVLd8QioibtTDBDq,73,2019-03-21,193798,True,https://open.spotify.com/track/4n7jnSxVLd8QioibtTDBDq,0.509,0.689,1,-4.929,0,0.102,0.0209,0.0,0.301,0.297,170.087
4,Faded,Alan Walker,Different World,3nzuGtN3nXARvvecier4K0,698ItKASDavgwZ3WjaWjtz,81,2018-12-14,212107,False,https://open.spotify.com/track/698ItKASDavgwZ3WjaWjtz,0.468,0.627,6,-5.085,1,0.0476,0.0281,7.97e-06,0.11,0.159,179.642
5,Bad Boy (feat. Luana Kiara),"Raaban, Tungevaag, Luana Kiara",Bad Boy (feat. Luana Kiara),2bSk6eLpsfqUBRZ0d0Yxax,64p6ua7zpf66s62StC2QLv,64,2018-08-24,190674,False,https://open.spotify.com/track/64p6ua7zpf66s62StC2QLv,0.644,0.892,0,-1.1,0,0.0567,0.13,0.000113,0.0893,0.767,180.044
6,Memories,Maroon 5,JORDI (Deluxe),1pCA38N6MkLlthXtAOvZTU,4cktbXiXOapiLBMprHFErI,83,2021-06-11,189486,False,https://open.spotify.com/track/4cktbXiXOapiLBMprHFErI,0.775,0.327,11,-7.241,1,0.0557,0.841,0.0,0.0821,0.595,91.05
7,Into Your Arms (feat. Ava Max),"Witt Lowry, Ava Max",Into Your Arms (feat. Ava Max),0boA7GUGSxOMWwdnnTR0yI,0b11D9D0hMOYCIMN3OKreM,71,2018-06-08,186022,True,https://open.spotify.com/track/0b11D9D0hMOYCIMN3OKreM,0.504,0.788,3,-4.113,0,0.214,0.0132,0.0,0.363,0.228,169.907
8,Arcade,Duncan Laurence,Arcade,7BISGeB7QwhqRIadxuLHfG,1Xi84slp6FryDSCbzq4UCD,74,2019-03-07,183624,False,https://open.spotify.com/track/1Xi84slp6FryDSCbzq4UCD,0.459,0.331,9,-12.603,0,0.0421,0.817,0.00104,0.135,0.271,72.023
9,Kings & Queens,Ava Max,Heaven & Hell,26c7MmQ4w8EAvVLb4jilaM,7a53HqqArd4b9NF4XAmlbI,81,2020-09-18,162399,False,https://open.spotify.com/track/7a53HqqArd4b9NF4XAmlbI,0.637,0.69,1,-4.057,0,0.0405,0.00786,0.0,0.124,0.457,129.857
10,Despacito,"Luis Fonsi, Daddy Yankee",VIDA,5C0YLr4OoRGFDaqdMQmkeH,6habFhsOp2NvshLv26DqMb,79,2019-02-01,229360,False,https://open.spotify.com/track/6habFhsOp2NvshLv26DqMb,0.655,0.797,2,-4.787,1,0.153,0.198,0.0,0.067,0.839,177.928
11,Enemy (with JID) - from the series Arcane League of Legends,"Imagine Dragons, JID, Arcane, League of Legends",Enemy (with JID) - from the series Arcane League of Legends,1bTgKomQYSkKYPD9UI9W4b,1r9xUipOqoNwggBpENDsvJ,75,2021-10-28,173381,False,https://open.spotify.com/track/1r9xUipOqoNwggBpENDsvJ,0.728,0.783,11,-4.424,0,0.266,0.237,0.0,0.434,0.555,77.011
12,Gangsta's Paradise,"Coolio, L.V.",Gangsta's Paradise,0BJYNipGyMrw4ngKDJXzXZ,1DIXPcTDzTj8ZMHt3PDt8p,86,1995-11-07,240693,False,https://open.spotify.com/track/1DIXPcTDzTj8ZMHt3PDt8p,0.647,0.514,8,-10.05,1,0.0593,0.0655,0.0,0.398,0.386,79.975
13,Shape of You,Ed Sheeran,÷ (Deluxe),3T4tUhGYeRNVUGevb0wThu,7qiZfU4dY1lWllzX7mPBI3,85,2017-03-03,233713,False,https://open.spotify.com/track/7qiZfU4dY1lWllzX7mPBI3,0.825,0.652,1,-3.183,0,0.0802,0.581,0.0,0.0931,0.931,95.977
14,The Box,Roddy Ricch,Please Excuse Me for Being Antisocial,52u4anZbHd6UInnmHRFzba,0nbXyq5TXYPCO7pr3N8S4I,83,2019-12-06,196653,True,https://open.spotify.com/track/0nbXyq5TXYPCO7pr3N8S4I,0.896,0.586,10,-6.687,0,0.0559,0.104,0.0,0.79,0.642,116.971
15,"Genius (feat. Sia, Diplo, and Labrinth)","Sia, Diplo, Labrinth, LSD","LABRINTH, SIA & DIPLO PRESENT... LSD",0ujHQ5WCLuKJQXOqXpGtpf,4xigPf2sigSPmuFH3qCelB,75,2019-04-12,213707,False,https://open.spotify.com/track/4xigPf2sigSPmuFH3qCelB,0.603,0.615,11,-4.931,0,0.165,0.0799,6.72e-05,0.117,0.561,158.657
16,Animals,Maroon 5,V - Asia Tour Edition,6LtzdMGhOCh9s6sssWrpuD,3h4T9Bg8OVSUYa6danHeH5,71,2015-05-18,231013,False,https://open.spotify.com/track/3h4T9Bg8OVSUYa6danHeH5,0.279,0.742,4,-6.46,0,0.0898,0.000185,0.0,0.593,0.328,189.868
17,Let Me Down Slowly,Alec Benjamin,Narrated For You,6jKZplJpy21R5lHaYHHjmZ,2qxmye6gAegTMjLKEBoR3d,82,2018-11-16,169354,False,https://open.spotify.com/track/2qxmye6gAegTMjLKEBoR3d,0.652,0.557,1,-5.714,0,0.0318,0.74,0.0,0.124,0.483,150.073
18,No Lie,"Sean Paul, Dua Lipa",Mad Love The Prequel,5xrOcCoO3jkXRjHQjfESM6,48QmG1dfvMuYLxMPt7KSRA,81,2018-06-29,221176,False,https://open.spotify.com/track/48QmG1dfvMuYLxMPt7KSRA,0.742,0.882,7,-2.862,1,0.117,0.0466,0.0,0.206,0.463,102.04
19,Harleys In Hawaii,Katy Perry,Harleys In Hawaii,30UjBkRwwBeCdspCGPBB8V,5nCthAh3jt4xKuLJAifAaR,68,2019-10-16,185815,False,https://open.spotify.com/track/5nCthAh3jt4xKuLJAifAaR,0.722,0.756,10,-6.207,0,0.132,0.183,6.78e-06,0.126,0.725,140.092
20,INDUSTRY BABY (feat. Jack Harlow),"Lil Nas X, Jack Harlow",INDUSTRY BABY (feat. Jack Harlow),622NFw5Yk0OReMJ2XWcXUh,27NovPIUIRrOZoCHxABJwK,75,2021-07-23,212000,True,https://open.spotify.com/track/27NovPIUIRrOZoCHxABJwK,0.736,0.704,3,-7.409,0,0.0615,0.0203,0.0,0.0501,0.894,149.995
21,Believer,Imagine Dragons,Evolve,33pt9HBdGlAbRGBHQgsZsU,0pqnGHJpmpxLKifKRmU6WP,87,2017-06-23,204347,False,https://open.spotify.com/track/0pqnGHJpmpxLKifKRmU6WP,0.776,0.78,10,-4.374,0,0.128,0.0622,0.0,0.081,0.666,124.949
22,Toxic,BoyWithUke,Toxic,4cmu24lnj0NI8lHG6vra6h,2gQPv5jvVPqU2a9HhMNO1v,65,2021-10-29,168020,False,https://open.spotify.com/track/2gQPv5jvVPqU2a9HhMNO1v,0.594,0.612,8,-6.627,0,0.363,0.835,0.0,0.461,0.687,179.629
23,In The End - Mellen Gi Remix,"Tommee Profitt, Fleurie, Mellen Gi",In The End,4ogDiddFmcxnT4PC9lVEoV,5rAUZy2eDdegBxUVYxePK2,68,2019-03-22,218189,False,https://open.spotify.com/track/5rAUZy2eDdegBxUVYxePK2,0.618,0.611,7,-6.654,0,0.11,0.477,0.0333,0.162,0.224,88.07
24,Stereo Hearts (feat. Adam Levine),"Gym Class Heroes, Adam Levine",The Papercut Chronicles II,2mumCpGmuE9iDeOvMx6XrB,0qOnSQQF0yzuPWsXrQ9paz,80,2011-11-11,210960,False,https://open.spotify.com/track/0qOnSQQF0yzuPWsXrQ9paz,0.646,0.795,9,-3.293,1,0.0976,0.0319,0.0,0.267,0.796,89.99
25,Invisible,"Julius Dreisig, Zeus X Crona",Invisible,1aFmxF4v2F31uUWcySqV0Y,2BgagqJWYfrKPhz3f5V0Sw,0,2018-10-26,201016,False,https://open.spotify.com/track/2BgagqJWYfrKPhz3f5V0Sw,0.693,0.834,2,-3.259,1,0.342,0.141,0.0391,0.0891,0.224,82.517
26,Mask Off - Marshmello Remix,"Future, Marshmello",Mask Off (Marshmello Remix),5kDL875bDZtpRKtl51ED3X,5rK0pyEObO4DBFLy682QvR,59,2017-06-16,179200,True,https://open.spotify.com/track/5rK0pyEObO4DBFLy682QvR,0.731,0.725,2,-5.21,1,0.249,0.00432,0.0,0.0556,0.351,149.963
27,Astronaut In The Ocean,Masked Wolf,Astronaut In The Ocean (International Remixes),4YtSVQwETLHiKNZXySp7Mw,0BGwAKW4u8kWOhWFflZxfl,54,2019-01-01,132780,True,https://open.spotify.com/track/0BGwAKW4u8kWOhWFflZxfl,0.778,0.695,4,-6.865,0,0.0913,0.175,0.0,0.15,0.472,149.996
28,Mood (feat. iann dior),"24kGoldn, iann dior",El Dorado,270o30h7cAlEhBnbuSpFZq,4jPy3l0RUwlUI9T5XHBW2m,81,2021-03-26,140533,True,https://open.spotify.com/track/4jPy3l0RUwlUI9T5XHBW2m,0.701,0.716,7,-3.671,0,0.0361,0.174,0.0,0.324,0.732,91.007
29,lovely (with Khalid),"Billie Eilish, Khalid",lovely (with Khalid),2sBB17RXTamvj7Ncps15AK,0u2P5u6lvoDfwTYjAADbn4,87,2018-04-19,200186,False,https://open.spotify.com/track/0u2P5u6lvoDfwTYjAADbn4,0.351,0.296,4,-10.109,0,0.0333,0.934,0.0,0.095,0.12,115.284
30,Fairytale,Alexander Rybak,Fairytale,6EWWmTEOXI58PL13vNk67S,3MnAsEBBsEj86d03RgO4EM,70,2009-01-12,182600,False,https://open.spotify.com/track/3MnAsEBBsEj86d03RgO4EM,0.573,0.784,2,-5.359,0,0.0293,0.61,3.89e-05,0.278,0.655,107.991
31,MIDDLE OF THE NIGHT,Elley Duhé,MIDDLE OF THE NIGHT,4hYYpUC8Ewb74tP23Y1lmM,58HvfVOeJY7lUuCqF0m3ly,76,2020-01-10,184448,False,https://open.spotify.com/track/58HvfVOeJY7lUuCqF0m3ly,0.41,0.611,4,-8.271,0,0.0467,0.0228,0.0,0.116,0.0899,185.727
32,Heroes Tonight,"Janji, Johnning",Heroes Tonight,5EIy7f9l8YEqEkGuLLjd9A,3SipFlNddvL0XNZRLXvdZD,0,2015-06-09,208140,False,https://open.spotify.com/track/3SipFlNddvL0XNZRLXvdZD,0.537,0.786,8,-4.331,1,0.0317,0.075,0.0,0.253,0.178,127.994
33,Baby,"Justin Bieber, Ludacris",My World 2.0,3BmcYMh0KYsimWL6p2gPa9,6epn3r7S14KUqlReYr77hA,82,2010-01-01,214240,False,https://open.spotify.com/track/6epn3r7S14KUqlReYr77hA,0.728,0.859,5,-5.237,0,0.137,0.0401,0.0,0.111,0.535,65.043
34,Worth It (feat. Kid Ink),"Fifth Harmony, Kid Ink",Reflection (Deluxe),0zAsh6hObeNmFgFPrUiFcP,41Fflg7qHiVOD6dEPvsCzO,72,2015-01-30,224573,False,https://open.spotify.com/track/41Fflg7qHiVOD6dEPvsCzO,0.884,0.765,8,-3.865,1,0.0882,0.063,7.04e-06,0.118,0.594,99.987
35,BILLIE EILISH.,Armani White,BILLIE EILISH.,4MajX5vPeY4cX5pv6rf0sA,27ZZdyTSQWI7Cug2d2PkqV,67,2022-05-19,99283,True,https://open.spotify.com/track/27ZZdyTSQWI7Cug2d2PkqV,0.9,0.509,1,-6.647,1,0.257,0.115,1.67e-06,0.0937,0.765,100.007
36,FED UP.,Fnatylqrd,GHOSTEMANE,2ldrfeskfP6ncNJWhJLUJt,5ftTXLHs1MNbO3wXNdpJDN,0,2022-04-12,151607,True,https://open.spotify.com/track/5ftTXLHs1MNbO3wXNdpJDN,0.813,0.573,10,-8.423,1,0.326,0.659,0.779,0.138,0.262,95.053
37,Killers From The Northside,Kordhell,Killers From The Northside,2Xr1Jk0wF7VN91OPbPHWBX,7jT3LcNj4XPYOlbNkPWNhU,58,2021-09-30,187500,True,https://open.spotify.com/track/7jT3LcNj4XPYOlbNkPWNhU,0.711,0.917,6,-3.324,0,0.0649,0.000856,0.685,0.104,0.255,95.98
38,One Dancing,BerthCh,One Dancing,5R8bhO2GDrZch4otjDd1P8,6rn4OJftRbziqPmTQoW1LW,0,2016-01-01,238032,False,https://open.spotify.com/track/6rn4OJftRbziqPmTQoW1LW,0.754,0.696,10,-8.331,0,0.264,0.000967,0.882,0.494,0.352,92.905
39,Dandelions,Ruth B.,Safe Haven,6FgtuX3PtiB5civjHYhc52,2eAvDnpXP5W0cVtiI0PUxV,86,2017-05-05,233720,False,https://open.spotify.com/track/2eAvDnpXP5W0cVtiI0PUxV,0.609,0.692,1,-2.958,1,0.0259,0.0157,0.0,0.0864,0.454,116.959
40,Rockstar,"Ilkay Sencan, Dynoro",Rockstar,1US66auJ538TiXGeUf24yL,4OgwXdylh75fHfwUzJTUqg,66,2019-06-21,212280,False,https://open.spotify.com/track/4OgwXdylh75fHfwUzJTUqg,0.771,0.826,11,-3.978,1,0.0604,0.142,0.03,0.145,0.185,100.012
41,Such a Whore,JVLA,Such a Whore,1mx6xCEENwktfQSj9YNcum,4lhUziuDKvQJu7ZW9cLmIv,58,2020-06-22,124687,True,https://open.spotify.com/track/4lhUziuDKvQJu7ZW9cLmIv,0.702,0.872,5,-4.2,1,0.0323,0.00225,0.00865,0.104,0.325,100.052
42,Cradles,Sub Urban,Cradles,1WTTu8JvpNLQShwwO8o4L9,18A7ha5BitZjmdHTCwXFbU,1,2019-01-04,209829,False,https://open.spotify.com/track/18A7ha5BitZjmdHTCwXFbU,0.581,0.585,1,-1.87,1,0.369,0.27,6.48e-05,0.179,0.63,67.443
43,Hislerim,"Serhat Durmus, Zerrin",Hislerim,6xEqzdQRxuioh1onPW2mT9,32Mh7kOCWmNTZgre0cGvCV,67,2018-08-10,214204,False,https://open.spotify.com/track/32Mh7kOCWmNTZgre0cGvCV,0.324,0.526,1,-8.543,0,0.099,0.327,0.00206,0.344,0.039,81.027
44,FRIENDS,"Marshmello, Anne-Marie",FRIENDS,1BmxOYHjQv1dKZRr13YRZM,08bNPGLD8AhKpnnERrAc6G,75,2018-02-09,202621,True,https://open.spotify.com/track/08bNPGLD8AhKpnnERrAc6G,0.626,0.88,9,-2.384,0,0.0504,0.205,0.0,0.128,0.534,95.079
45,changes,XXXTENTACION,?,2Ti79nwTsont5ZHfdxIzAm,7AFASza1mXqntmGtbxXprO,75,2018-03-16,121887,False,https://open.spotify.com/track/7AFASza1mXqntmGtbxXprO,0.669,0.308,11,-10.068,1,0.029,0.883,0.0,0.0984,0.52,64.934
46,Hymn for the Weekend,Coldplay,A Head Full of Dreams,3cfAM8b8KqJRoIzt3zLKqw,3RiPr603aXAoi4GHyXx0uy,84,2015-12-04,258267,False,https://open.spotify.com/track/3RiPr603aXAoi4GHyXx0uy,0.491,0.693,0,-6.487,0,0.0377,0.211,6.92e-06,0.325,0.412,90.027
47,"Hey Mama (feat. Nicki Minaj, Bebe Rexha & Afrojack)","David Guetta, AFROJACK, Bebe Rexha, Nicki Minaj",Listen,77UW17CZFyCaRLHdHeofZu,285HeuLxsngjFn4GGegGNm,73,2014-11-10,192560,False,https://open.spotify.com/track/285HeuLxsngjFn4GGegGNm,0.596,0.73,9,-4.091,1,0.151,0.24,0.0,0.325,0.525,85.979
48,Fight Back,NEFFEX,Fight Back: The Collection,5DkR7Wn2rUWY5Hw9csN0ui,6KigD0mlF4VGDYiSEzAyYw,71,2018-11-30,200571,True,https://open.spotify.com/track/6KigD0mlF4VGDYiSEzAyYw,0.716,0.946,1,-3.412,1,0.261,0.094,6.63e-05,0.0825,0.587,139.943
49,Cold,NEFFEX,Cold,7HGuHTDDziqPeZM1tHTFRV,2FpWhUMOPGUVR95DkfKjGH,57,2018-04-11,186240,False,https://open.spotify.com/track/2FpWhUMOPGUVR95DkfKjGH,0.786,0.643,8,-8.851,1,0.0877,0.0664,1.26e-06,0.0985,0.702,125.06
50,Crown,NEFFEX,Crown,6ULxci9j0mkXpqnn0BxmcX,20ICJSg5xQOqEwBaQ4ho9m,52,2017-05-17,235200,False,https://open.spotify.com/track/20ICJSg5xQOqEwBaQ4ho9m,0.884,0.697,7,-6.832,1,0.181,0.102,0.0,0.101,0.392,99.996
51,Grateful,NEFFEX,Grateful,3w6f31MONsj6yE1cF1darm,1e6aAbWR0MXCNcr4yQovNr,66,2018-02-28,182400,False,https://open.spotify.com/track/1e6aAbWR0MXCNcr4yQovNr,0.782,0.757,6,-6.504,1,0.0898,0.107,0.0,0.0779,0.943,75.002
52,See You Again (feat. Charlie Puth),"Wiz Khalifa, Charlie Puth",See You Again (feat. Charlie Puth),5FXIqS1XqbpfOKNoi5VUwS,2JzZzZUQj3Qff7wapcbKjc,81,2015,229526,False,https://open.spotify.com/track/2JzZzZUQj3Qff7wapcbKjc,0.689,0.481,10,-7.503,1,0.0815,0.369,1.03e-06,0.0649,0.283,80.025
53,Please Don't Go,Joel Adams,Please Don't Go,2SF8Wbc61u8hlQkZYGVCnx,3cNjgVBKTJ1SvKhunrCdVy,66,2015-11-06,210580,False,https://open.spotify.com/track/3cNjgVBKTJ1SvKhunrCdVy,0.513,0.768,4,-4.868,0,0.0587,0.0118,1.94e-05,0.294,0.235,84.264
54,Dead to Me,Lox Chatterbox,Dead to Me,5w0BTDO0cZ0Aa6ZzJsQBx1,7xG9yO1Zuaa4jG0WAkS4Lp,44,2018-04-08,220723,True,https://open.spotify.com/track/7xG9yO1Zuaa4jG0WAkS4Lp,0.452,0.757,8,-4.323,0,0.253,0.117,0.0,0.143,0.298,106.939
55,Venom - Music From The Motion Picture,Eminem,Venom (Music From The Motion Picture),25zSh5FAL8kUh8z7ivwBH6,3kpYJjvM8Ja6btr5hEJLWc,68,2018-09-21,269573,True,https://open.spotify.com/track/3kpYJjvM8Ja6btr5hEJLWc,0.75,0.789,0,-5.058,1,0.0647,0.0148,0.0,0.501,0.467,135.954
56,Love Your Voice,JONY,Список твоих мыслей,50MtpBm9kknAYEwyzj4obo,75VNPADAFa4iNpjEBUYMhF,8,2019-06-21,150330,False,https://open.spotify.com/track/75VNPADAFa4iNpjEBUYMhF,0.608,0.83,9,-5.396,0,0.0948,0.597,3.5e-06,0.118,0.211,91.063
57,One Dance,"Drake, Wizkid, Kyla",Views,2yIwhsIWGRQzGQdn1czSK0,5ZKG94fnjiuMH5yrC5S9lS,60,2016-05-06,173973,False,https://open.spotify.com/track/5ZKG94fnjiuMH5yrC5S9lS,0.788,0.605,1,-5.586,1,0.0578,0.00899,0.00275,0.318,0.427,103.94
58,idfc,blackbear,dead,5cEJ9XTxsUKterwl1nAm2I,3SErMoIKdRELto2OspGs5L,72,2015-06-02,207027,True,https://open.spotify.com/track/3SErMoIKdRELto2OspGs5L,0.718,0.422,4,-9.115,0,0.0621,0.0764,0.0,0.17,0.455,144.678
59,Sing For The Moment,Eminem,The Eminem Show,2cWBwpqMsDJC1ZUwz813lo,3CpoeW0cZSDzIRv5z34F87,75,2002-05-26,339547,True,https://open.spotify.com/track/3CpoeW0cZSDzIRv5z34F87,0.668,0.824,5,-4.164,0,0.137,0.0017,3.05e-06,0.0426,0.185,163.961
60,Pain,Josh A,Fearless,2leou6sxHz7CaxyV6f4cf1,39LJCSHy7nB1akjmhMQ7Y7,63,2019-01-12,188042,True,https://open.spotify.com/track/39LJCSHy7nB1akjmhMQ7Y7,0.789,0.509,6,-8.629,0,0.277,0.525,7.55e-06,0.0936,0.61,75.009
61,SNAP,Rosa Linn,SNAP,4fb1QzgTJpTk9TBjFzjmlR,76OGwb5RA9h4FxQPT33ekc,74,2022-03-19,179551,False,https://open.spotify.com/track/76OGwb5RA9h4FxQPT33ekc,0.565,0.636,0,-8.198,1,0.0638,0.107,9.9e-06,0.447,0.525,170.01
62,Unstoppable,Sia,This Is Acting,77jAfTh3KH9K2reMOmTgOh,2J2Z1SkXYghSajLibnQHOa,81,2016-01-29,217747,False,https://open.spotify.com/track/2J2Z1SkXYghSajLibnQHOa,0.468,0.779,9,-4.839,1,0.0779,0.112,0.000373,0.101,0.26,173.799
63,Mi Gente,"J Balvin, Willy William",Mi Gente,1ZJtkYBzRb7drznu3UYb3k,4ipnJyDU3Lq15qBAYNqlqK,67,2017-06-30,189440,False,https://open.spotify.com/track/4ipnJyDU3Lq15qBAYNqlqK,0.774,0.687,11,-4.818,0,0.0584,0.0179,1.17e-05,0.128,0.308,104.959
64,SAD!,XXXTENTACION,?,2Ti79nwTsont5ZHfdxIzAm,3ee8Jmje8o58CHK66QrVC2,79,2018-03-16,166606,True,https://open.spotify.com/track/3ee8Jmje8o58CHK66QrVC2,0.74,0.613,8,-4.88,1,0.145,0.258,0.00372,0.123,0.473,75.023
65,Moonlight,XXXTENTACION,?,2Ti79nwTsont5ZHfdxIzAm,0JP9xo3adEtGSdUEISiszL,82,2018-03-16,135090,True,https://open.spotify.com/track/0JP9xo3adEtGSdUEISiszL,0.921,0.537,9,-5.723,0,0.0804,0.556,0.00404,0.102,0.711,128.009
66,Until I Found You,Stephen Sanchez,Until I Found You,18CtLoAMTr7F8ngtuM6D8i,0T5iIrXA4p5GsubkhuBIKV,78,2021-09-01,177720,False,https://open.spotify.com/track/0T5iIrXA4p5GsubkhuBIKV,0.539,0.508,10,-6.05,1,0.0288,0.727,0.0,0.174,0.227,101.358
67,Gangnam Style (강남스타일),PSY,Gangnam Style (강남스타일),0ZjxizLeMyFEjR27JIvD99,03UrZgTINDqvnUMbbIMhql,73,2012-01-01,219493,False,https://open.spotify.com/track/03UrZgTINDqvnUMbbIMhql,0.727,0.937,11,-2.871,0,0.286,0.00417,0.0,0.091,0.749,132.067
68,Rise Up,TheFatRat,Rise Up,6UiZtVFcizmfrwAU3yLQH3,6inzGTxyGsXVjpVKtFGrcE,65,2019-10-25,169756,False,https://open.spotify.com/track/6inzGTxyGsXVjpVKtFGrcE,0.614,0.694,10,-5.713,0,0.0932,0.254,2.63e-06,0.0733,0.578,163.942
69,Bad boy,Marwa Loud,Loud,3yk6eaVohNwQAXjcdfP0KV,0RE4crnT3jRms1xxVlEZx2,68,2018-03-09,187844,False,https://open.spotify.com/track/0RE4crnT3jRms1xxVlEZx2,0.796,0.496,9,-8.165,0,0.0388,0.431,5.51e-06,0.0781,0.716,97.988
70,Fearless,Lost Sky,Fearless,4Ddt6Mk8IHycY0h8K2J3iv,7xkCeK3qzCyf43cF8yN7Xt,63,2017-09-09,194284,False,https://open.spotify.com/track/7xkCeK3qzCyf43cF8yN7Xt,0.669,0.937,6,-4.325,1,0.0397,0.302,0.783,0.118,0.344,110.008
71,Wavin' Flag,K'NAAN,Troubadour,4KJCTmDLyr3AYJAN8dBaKo,0zREtnLmVnt8KUJZZbSdla,58,2009,220520,False,https://open.spotify.com/track/0zREtnLmVnt8KUJZZbSdla,0.625,0.699,0,-6.416,1,0.0729,0.13,0.0,0.238,0.717,75.974
72,Demons,Imagine Dragons,Night Visions,6nxDQi0FeEwccEPJeNySoS,5qaEfEh1AtSdrdrByCP7qR,85,2012-09-04,177507,False,https://open.spotify.com/track/5qaEfEh1AtSdrdrByCP7qR,0.5,0.71,3,-3.015,1,0.0339,0.19,0.00025,0.269,0.419,89.929
73,Legends Never Die,"League of Legends, Against The Current",Legends Never Die,30gnisiaho0Y6KRWJ7gIaA,1FpVJ7HpZInE2GvhVE2TwT,75,2017-09-15,235000,False,https://open.spotify.com/track/1FpVJ7HpZInE2GvhVE2TwT,0.498,0.598,4,-6.638,0,0.0377,0.00786,0.0,0.111,0.0573,140.078
74,Mockingbird,Eminem,Encore (Deluxe Version),1kTlYbs28MXw7hwO0NLYif,561jH07mF1jHuk7KlaeF0s,85,2004-11-12,250760,True,https://open.spotify.com/track/561jH07mF1jHuk7KlaeF0s,0.637,0.678,0,-3.798,1,0.266,0.209,0.0,0.156,0.254,84.039
75,The Real Slim Shady,Eminem,The Marshall Mathers LP,6t7956yu5zYf5A829XRiHC,3yfqSUWxFvZELEM4PmlwIR,85,2000-05-23,284200,True,https://open.spotify.com/track/3yfqSUWxFvZELEM4PmlwIR,0.949,0.661,5,-4.244,0,0.0572,0.0302,0.0,0.0454,0.76,104.504
76,Under The Influence,Chris Brown,Indigo (Extended),3okhA6w5uau6ZNhnVpwVww,5IgjP7X4th6nMNDh4akUHb,85,2019-10-04,184613,True,https://open.spotify.com/track/5IgjP7X4th6nMNDh4akUHb,0.755,0.562,9,-8.947,0,0.0355,0.0186,0.000231,0.18,0.368,116.931
77,Alone,Alan Walker,Different World,3nzuGtN3nXARvvecier4K0,3LlmKSHR3Rs0Y3KHQLAYDk,74,2018-12-14,160427,False,https://open.spotify.com/track/3LlmKSHR3Rs0Y3KHQLAYDk,0.673,0.914,10,-3.962,1,0.0496,0.229,0.000478,0.186,0.183,97.021
78,"Alone, Pt. II","Alan Walker, Ava Max",World Of Walker,3KrkQ77DF9OUB0aOzKFYOF,28VbwtsYnj85UEODGpQRem,73,2021-11-26,179053,False,https://open.spotify.com/track/28VbwtsYnj85UEODGpQRem,0.673,0.659,3,-4.493,0,0.0439,0.539,0.0,0.129,0.628,88.011
79,STAY (with Justin Bieber),"The Kid LAROI, Justin Bieber",STAY (with Justin Bieber),4QLAtpLNUsHEYrcHXmMIZZ,5HCyWlXZPP0y6Gqq8TgA20,80,2021-07-09,141806,True,https://open.spotify.com/track/5HCyWlXZPP0y6Gqq8TgA20,0.591,0.764,1,-5.484,1,0.0483,0.0383,0.0,0.103,0.478,169.928
80,I'm Only a Fool for You,Dybbukk,I&#039;m Only a Fool for You,1eQ4V0Pjdvk3S9xQkJSYix,0Bho4m1xtF0Np8nH1JwXlO,0,2021-10-26,61176,True,https://open.spotify.com/track/0Bho4m1xtF0Np8nH1JwXlO,0.632,0.322,8,-7.652,1,0.0465,0.0307,0.535,0.44,0.367,70.917
81,Bad Liar,Imagine Dragons,Origins (Deluxe),3JfSxDfmwS5OeHPwLSkrfr,2RSHsoi04658QL5xgQVov3,80,2018-11-09,260773,False,https://open.spotify.com/track/2RSHsoi04658QL5xgQVov3,0.307,0.637,3,-6.993,1,0.0569,0.0732,0.0,0.368,0.0805,88.693
82,Murder In My Mind,Kordhell,Murder In My Mind,68GI09qAs2XLJmA3hj5K7y,6qyS9qBy0mEk3qYaH8mPss,78,2022-01-21,145000,True,https://open.spotify.com/track/6qyS9qBy0mEk3qYaH8mPss,0.712,0.972,10,-0.514,1,0.112,0.00547,7.06e-05,0.128,0.568,119.966
83,Dusk Till Dawn (feat. Sia) - Radio Edit,"ZAYN, Sia",Icarus Falls,1DF9B2hfwX4EdgEFwGcRwh,3e7sxremeOE3wTySiOhGiP,81,2018-12-14,239000,False,https://open.spotify.com/track/3e7sxremeOE3wTySiOhGiP,0.259,0.437,11,-6.589,0,0.0386,0.102,1.32e-06,0.106,0.0951,180.042
84,Close Eyes,DVRST,Close Eyes,3G0b8ob9anYQl8a1t3GpOF,3CLSHJv5aUROAN2vfOyCOh,74,2021-05-25,132346,True,https://open.spotify.com/track/3CLSHJv5aUROAN2vfOyCOh,0.784,0.572,0,-9.853,1,0.0573,0.0748,0.843,0.139,0.209,96.181
85,Peaky Blinder,"Otnicka, Duke Luke",Peaky Blinder,0C8GFw3mutz9ptXX3SXghm,2ccERNgupCOr0XjIikHDKJ,59,2021-11-12,159130,False,https://open.spotify.com/track/2ccERNgupCOr0XjIikHDKJ,0.624,0.734,5,-7.338,0,0.176,0.33,0.0549,0.326,0.563,184.051
86,Perfect,Ed Sheeran,÷ (Deluxe),3T4tUhGYeRNVUGevb0wThu,0tgVpDi06FyKpA1z0VMD4v,86,2017-03-03,263400,False,https://open.spotify.com/track/0tgVpDi06FyKpA1z0VMD4v,0.599,0.448,8,-6.312,1,0.0232,0.163,0.0,0.106,0.168,95.05
87,Courtesy Call,Thousand Foot Krutch,The End Is Where We Begin,6YJYFQ1Zz9I49YQknK4wIn,0AOmbw8AwDnwXhHC3OhdVB,73,2012-04-17,236898,False,https://open.spotify.com/track/0AOmbw8AwDnwXhHC3OhdVB,0.531,0.638,11,-5.145,0,0.0809,0.00409,0.0,0.0822,0.445,164.079
88,Ad Kolima,"Demeter, ISHNLV",Ad Kolima,0YOX4AhhISOQxsnt8YacX1,228KhdItMua78vrhM342UT,46,2020-08-21,186115,True,https://open.spotify.com/track/228KhdItMua78vrhM342UT,0.812,0.743,4,-6.347,1,0.237,0.247,0.00744,0.186,0.63,168.104
89,Copines,SlowTune,Copines,0Lb3I8wVDiOThv6iVMTgK2,0l4iG7Vx88u4X5aRG2Ruih,0,2022-03-18,215399,False,https://open.spotify.com/track/0l4iG7Vx88u4X5aRG2Ruih,0.822,0.659,4,-4.373,0,0.0723,0.218,2.06e-06,0.123,0.658,145.817
90,On & On,"Cartoon, Jéja, Daniel Levi",On & On,6Unm4KKxYtjR08J1wEOnkc,2uZWffKoemZDI0gHcBEcDc,73,2015-07-09,207069,False,https://open.spotify.com/track/2uZWffKoemZDI0gHcBEcDc,0.457,0.694,11,-4.741,1,0.039,0.296,0.0,0.123,0.425,174.119
91,Unholy (feat. Kim Petras),"Sam Smith, Kim Petras",Unholy (feat. Kim Petras),0gX9tkL5njRax8ymWcXARi,3nqQXoyQOWXiESFLlDF1hG,78,2022-09-22,156943,False,https://open.spotify.com/track/3nqQXoyQOWXiESFLlDF1hG,0.719,0.454,2,-7.384,1,0.0707,0.0138,4.83e-06,0.318,0.224,131.007
92,"Taki Taki (with Selena Gomez, Ozuna & Cardi B)","DJ Snake, Selena Gomez, Ozuna, Cardi B","Taki Taki (with Selena Gomez, Ozuna & Cardi B)",0ZHyvPke0EcVt6rYA8Ins3,4w8niZpiMy6qz1mntFA5uM,72,2018-09-28,212500,True,https://open.spotify.com/track/4w8niZpiMy6qz1mntFA5uM,0.842,0.801,8,-4.167,0,0.228,0.157,4.82e-06,0.0642,0.617,95.881
93,Sugar & Brownies,DHARIA,Sugar & Brownies,4S18dTcAuVNQneDd7J3zw1,16ih0TTm4REIQuYBMPTHm8,2,2019-04-05,197837,False,https://open.spotify.com/track/16ih0TTm4REIQuYBMPTHm8,0.792,0.719,1,-5.123,0,0.257,0.168,0.0,0.0276,0.472,100.02
94,The Nights,Avicii,The Days / Nights,0h2knr6qpiAq0tV5ri5JMF,0ct6r3EGTcMLPtrXHDvVjc,84,2014-01-01,176658,False,https://open.spotify.com/track/0ct6r3EGTcMLPtrXHDvVjc,0.527,0.835,6,-5.298,1,0.0433,0.0166,0.0,0.249,0.654,125.983
95,Whoopty,CJ,Whoopty,5oBYG6dEI2Er6EeLnmonGE,5vGLcdRuSbUhD8ScwsGSdA,65,2020-08-20,123263,True,https://open.spotify.com/track/5vGLcdRuSbUhD8ScwsGSdA,0.719,0.648,3,-7.6,0,0.125,0.2,0.0,0.127,0.66,140.201
96,Skechers,DripReport,Skechers,4a50hfH6HJQywmghPYnRRW,2alc8VZAzDgdAsL2QMk3hu,65,2020-01-12,106000,True,https://open.spotify.com/track/2alc8VZAzDgdAsL2QMk3hu,0.903,0.327,1,-9.727,1,0.0877,0.26,0.011,0.108,0.274,100.008
97,Love Is Gone,"SLANDER, Dylan Matthew",Love Is Gone,1YB42DQZ7h7VX95BRiu1Hi,39glqzRVRAy4vq3PqeTGb8,62,2019-05-10,256043,False,https://open.spotify.com/track/39glqzRVRAy4vq3PqeTGb8,0.452,0.465,4,-10.006,0,0.0344,0.0589,0.000524,0.095,0.0832,149.586
98,La Casa De Papel (Money Heist) - My Life Is Going On - Main Theme,Geek Music,La Casa De Papel (Money Heist) - My Life Is Going On - Main Theme,7Iev4In406GSj3zNCdbvw3,5OKyxyYQ8hSLunKlrFGl4M,36,2019-03-06,212550,False,https://open.spotify.com/track/5OKyxyYQ8hSLunKlrFGl4M,0.64,0.35,6,-15.378,0,0.028,0.651,0.00019,0.111,0.351,99.888
99,At My Worst,Pink Sweat$,PINK PLANET,74UvOvL6L4tZbYFtY759ZG,2MJz8BxxMsERULatmBikDH,1,2021-02-12,170345,False,https://open.spotify.com/track/2MJz8BxxMsERULatmBikDH,0.813,0.415,0,-5.926,1,0.0349,0.777,0.0,0.131,0.667,91.921
